{
  "hash": "b7e15bdc",
  "configHash": "dcd0a33a",
  "lockfileHash": "cbf5536d",
  "browserHash": "69239b08",
  "optimized": {
    "@angular/common": {
      "src": "../../../../../../node_modules/@angular/common/fesm2022/common.mjs",
      "file": "@angular_common.js",
      "fileHash": "e02853c7",
      "needsInterop": false
    },
    "@angular/common/http": {
      "src": "../../../../../../node_modules/@angular/common/fesm2022/http.mjs",
      "file": "@angular_common_http.js",
      "fileHash": "dea1949b",
      "needsInterop": false
    },
    "@angular/core": {
      "src": "../../../../../../node_modules/@angular/core/fesm2022/core.mjs",
      "file": "@angular_core.js",
      "fileHash": "c47e7b89",
      "needsInterop": false
    },
    "@angular/forms": {
      "src": "../../../../../../node_modules/@angular/forms/fesm2022/forms.mjs",
      "file": "@angular_forms.js",
      "fileHash": "b8d5a220",
      "needsInterop": false
    },
    "@angular/platform-browser": {
      "src": "../../../../../../node_modules/@angular/platform-browser/fesm2022/platform-browser.mjs",
      "file": "@angular_platform-browser.js",
      "fileHash": "60be34b5",
      "needsInterop": false
    },
    "@angular/router": {
      "src": "../../../../../../node_modules/@angular/router/fesm2022/router.mjs",
      "file": "@angular_router.js",
      "fileHash": "3577c02a",
      "needsInterop": false
    },
    "@ng-bootstrap/ng-bootstrap": {
      "src": "../../../../../../node_modules/@ng-bootstrap/ng-bootstrap/fesm2022/ng-bootstrap.mjs",
      "file": "@ng-bootstrap_ng-bootstrap.js",
      "fileHash": "b83c9c22",
      "needsInterop": false
    },
    "rxjs": {
      "src": "../../../../../../node_modules/rxjs/dist/esm5/index.js",
      "file": "rxjs.js",
      "fileHash": "49c06da9",
      "needsInterop": false
    }
  },
  "chunks": {
    "chunk-NH4MUFO5": {
      "file": "chunk-NH4MUFO5.js"
    },
    "chunk-6GE5IB3U": {
      "file": "chunk-6GE5IB3U.js"
    },
    "chunk-BPBVESYV": {
      "file": "chunk-BPBVESYV.js"
    },
    "chunk-MCYNVD6B": {
      "file": "chunk-MCYNVD6B.js"
    },
    "chunk-WLTQXWYS": {
      "file": "chunk-WLTQXWYS.js"
    },
    "chunk-UPXM2XNN": {
      "file": "chunk-UPXM2XNN.js"
    },
    "chunk-S35MAB2V": {
      "file": "chunk-S35MAB2V.js"
    }
  }
}